-- phpMyAdmin SQL Dump
-- version 5.2.0
-- https://www.phpmyadmin.net/
--
-- Servidor: 127.0.0.1:3306
-- Tiempo de generación: 06-04-2023 a las 17:30:28
-- Versión del servidor: 8.0.31
-- Versión de PHP: 8.0.26

SET SQL_MODE = "NO_AUTO_VALUE_ON_ZERO";
START TRANSACTION;
SET time_zone = "+00:00";


/*!40101 SET @OLD_CHARACTER_SET_CLIENT=@@CHARACTER_SET_CLIENT */;
/*!40101 SET @OLD_CHARACTER_SET_RESULTS=@@CHARACTER_SET_RESULTS */;
/*!40101 SET @OLD_COLLATION_CONNECTION=@@COLLATION_CONNECTION */;
/*!40101 SET NAMES utf8mb4 */;

--
-- Base de datos: `votaciondesis`
--

-- --------------------------------------------------------

--
-- Estructura de tabla para la tabla `candidato`
--

DROP TABLE IF EXISTS `candidato`;
CREATE TABLE IF NOT EXISTS `candidato` (
  `id_candidato` int NOT NULL AUTO_INCREMENT,
  `nombre_candidato` varchar(255) DEFAULT NULL,
  `id_region` int DEFAULT NULL,
  PRIMARY KEY (`id_candidato`),
  KEY `fk_candidato_comuna` (`id_region`)
) ENGINE=MyISAM AUTO_INCREMENT=36 DEFAULT CHARSET=utf8mb4 COLLATE=utf8mb4_0900_ai_ci;

--
-- Volcado de datos para la tabla `candidato`
--

INSERT INTO `candidato` (`id_candidato`, `nombre_candidato`, `id_region`) VALUES
(1, 'Boric', 1),
(2, 'Cartes', 1),
(3, 'Milla', 2),
(4, 'Lopez', 2),
(5, 'Perez', 3),
(6, 'Sobarzo', 3),
(7, 'Soto', 3),
(8, 'Gonzalez', 4),
(9, 'Jimenez', 4),
(10, 'Diaz', 5),
(11, 'Reyes', 5),
(12, 'Obrador', 6),
(13, 'Riquelme', 6),
(14, 'Liucura', 7),
(15, 'Zavaleta', 7),
(16, 'Zamorano', 7),
(17, 'Salas', 8),
(18, 'Yercopuchento', 8),
(19, 'Valdivia', 9),
(20, 'Avello', 9),
(21, 'Pardo', 10),
(22, 'Morales', 10),
(23, 'Baeza', 11),
(24, 'Aguilera', 11),
(25, 'Muñoz', 12),
(26, 'Cardones', 12),
(27, 'Mardones', 13),
(28, 'Narvaez', 14),
(29, 'Allende', 14),
(30, 'Pinochet', 15),
(31, 'Barrios', 15),
(32, 'Lagunas', 16),
(33, 'Rojas', 16),
(34, 'Izama', 16),
(35, 'Quijada', 16);

-- --------------------------------------------------------

--
-- Estructura de tabla para la tabla `comunas`
--

DROP TABLE IF EXISTS `comunas`;
CREATE TABLE IF NOT EXISTS `comunas` (
  `id_comuna` int NOT NULL AUTO_INCREMENT,
  `nombre_comuna` varchar(50) NOT NULL,
  `id_region` int NOT NULL,
  PRIMARY KEY (`id_comuna`),
  KEY `id_region` (`id_region`)
) ENGINE=MyISAM AUTO_INCREMENT=345 DEFAULT CHARSET=utf8mb4 COLLATE=utf8mb4_0900_ai_ci;

--
-- Volcado de datos para la tabla `comunas`
--

INSERT INTO `comunas` (`id_comuna`, `nombre_comuna`, `id_region`) VALUES
(1, 'Arica', 1),
(2, 'Camarones', 1),
(3, 'Putre', 1),
(4, 'General Lagos', 1),
(5, 'Iquique', 2),
(6, 'Alto Hospicio', 2),
(7, 'Pozo Almonte', 2),
(8, 'Camiña', 2),
(9, 'Colchane', 2),
(10, 'Huara', 2),
(11, 'Pica', 2),
(12, 'Antofagasta', 3),
(13, 'Mejillones', 3),
(14, 'Sierra Gorda', 3),
(15, 'Taltal', 3),
(16, 'Calama', 3),
(17, 'Ollagüe', 3),
(18, 'San Pedro de Atacama', 3),
(19, 'Tocopilla', 3),
(20, 'María Elena', 3),
(21, 'Copiapó', 4),
(22, 'Caldera', 4),
(23, 'Tierra Amarilla', 4),
(24, 'Chañaral', 4),
(25, 'Diego de Almagro', 4),
(26, 'Vallenar', 4),
(27, 'Alto del Carmen', 4),
(28, 'Freirina', 4),
(29, 'Huasco', 4),
(30, 'La Serena', 5),
(31, 'Coquimbo', 5),
(32, 'Andacollo', 5),
(33, 'La Higuera', 5),
(34, 'Paiguano', 5),
(35, 'Vicuña', 5),
(36, 'Illapel', 5),
(37, 'Canela', 5),
(38, 'Los Vilos', 5),
(39, 'Salamanca', 5),
(40, 'Ovalle', 5),
(41, 'Combarbalá', 5),
(42, 'Monte Patria', 5),
(43, 'Punitaqui', 5),
(44, 'Río Hurtado', 5),
(45, 'Valparaíso', 6),
(46, 'Casablanca', 6),
(47, 'Concón', 6),
(48, 'Juan Fernández', 6),
(49, 'Puchuncaví', 6),
(50, 'Quintero', 6),
(51, 'Viña del Mar', 6),
(52, 'Isla de Pascua', 6),
(53, 'Los Andes', 6),
(54, 'Calle Larga', 6),
(55, 'Rinconada', 6),
(56, 'San Esteban', 6),
(57, 'La Ligua', 6),
(58, 'Cabildo', 6),
(59, 'Papudo', 6),
(60, 'Petorca', 6),
(61, 'Zapallar', 6),
(62, 'Quillota', 6),
(63, 'Calera', 6),
(64, 'Hijuelas', 6),
(65, 'La Cruz', 6),
(66, 'Nogales', 6),
(67, 'San Antonio', 6),
(68, 'Algarrobo', 6),
(69, 'Cartagena', 6),
(70, 'El Quisco', 6),
(71, 'El Tabo', 6),
(72, 'Santo Domingo', 6),
(73, 'San Felipe', 6),
(74, 'Catemu', 6),
(75, 'Llaillay', 6),
(76, 'Panquehue', 6),
(77, 'Putaendo', 6),
(78, 'Santa María', 6),
(79, 'Quilpué', 6),
(80, 'Limache', 6),
(81, 'Olmué', 6),
(82, 'Villa Alemana', 6),
(83, 'Rancagua', 7),
(84, 'Codegua', 7),
(85, 'Coinco', 7),
(86, 'Coltauco', 7),
(87, 'Doñihue', 7),
(88, 'Graneros', 7),
(89, 'Las Cabras', 7),
(90, 'Machalí', 7),
(91, 'Malloa', 7),
(92, 'Mostazal', 7),
(93, 'Olivar', 7),
(94, 'Peumo', 7),
(95, 'Pichidegua', 7),
(96, 'Quinta de Tilcoco', 7),
(97, 'Rengo', 7),
(98, 'Requínoa', 7),
(99, 'San Vicente', 7),
(100, 'Pichilemu', 7),
(101, 'La Estrella', 7),
(102, 'Litueche', 7),
(103, 'Marchihue', 7),
(104, 'Navidad', 7),
(105, 'Paredones', 7),
(106, 'San Fernando', 7),
(107, 'Chépica', 7),
(108, 'Chimbarongo', 7),
(109, 'Lolol', 7),
(110, 'Nancagua', 7),
(111, 'Palmilla', 7),
(112, 'Peralillo', 7),
(113, 'Placilla', 7),
(114, 'Pumanque', 7),
(115, 'Santa Cruz', 7),
(116, 'Talca', 8),
(117, 'Constitución', 8),
(118, 'Curepto', 8),
(119, 'Empedrado', 8),
(120, 'Maule', 8),
(121, 'Pelarco', 8),
(122, 'Pencahue', 8),
(123, 'Río Claro', 8),
(124, 'San Clemente', 8),
(125, 'San Rafael', 8),
(126, 'Cauquenes', 8),
(127, 'Chanco', 8),
(128, 'Pelluhue', 8),
(129, 'Curicó', 8),
(130, 'Hualañé', 8),
(131, 'Licantén', 8),
(132, 'Molina', 8),
(133, 'Rauco', 8),
(134, 'Romeral', 8),
(135, 'Sagrada Familia', 8),
(136, 'Teno', 8),
(137, 'Vichuquén', 8),
(138, 'Linares', 8),
(139, 'Colbún', 8),
(140, 'Longaví', 8),
(141, 'Parral', 8),
(142, 'Retiro', 8),
(143, 'San Javier', 8),
(144, 'Villa Alegre', 8),
(145, 'Yerbas Buenas', 8),
(146, 'Cobquecura', 9),
(147, 'Coelemu', 9),
(148, 'Ninhue', 9),
(149, 'Portezuelo', 9),
(150, 'Quirihue', 9),
(151, 'Ránquil', 9),
(152, 'Treguaco', 9),
(153, 'Bulnes', 9),
(154, 'Chillán Viejo', 9),
(155, 'Chillán', 9),
(156, 'El Carmen', 9),
(157, 'Pemuco', 9),
(158, 'Pinto', 9),
(159, 'Quillón', 9),
(160, 'San Ignacio', 9),
(161, 'Yungay', 9),
(162, 'Coihueco', 9),
(163, 'Ñiquén', 9),
(164, 'San Carlos', 9),
(165, 'San Fabián', 9),
(166, 'San Nicolás', 9),
(167, 'Concepción', 10),
(168, 'Coronel', 10),
(169, 'Chiguayante', 10),
(170, 'Florida', 10),
(171, 'Hualqui', 10),
(172, 'Lota', 10),
(173, 'Penco', 10),
(174, 'San Pedro de la Paz', 10),
(175, 'Santa Juana', 10),
(176, 'Talcahuano', 10),
(177, 'Tomé', 10),
(178, 'Hualpén', 10),
(179, 'Lebu', 10),
(180, 'Arauco', 10),
(181, 'Cañete', 10),
(182, 'Contulmo', 10),
(183, 'Los Álamos', 10),
(184, 'Tirúa', 10),
(185, 'Los Ángeles', 10),
(186, 'Antuco', 10),
(187, 'Cabrero', 10),
(188, 'Laja', 10),
(189, 'Mulchén', 10),
(190, 'Nacimiento', 10),
(191, 'Negrete', 10),
(192, 'Quilaco', 10),
(193, 'San Rosendo', 10),
(194, 'Santa Bárbara', 10),
(195, 'Tucapel', 10),
(196, 'Yumbel', 10),
(197, 'Alto Biobío', 10),
(198, 'Temuco', 11),
(199, 'Carahue', 11),
(200, 'Cunco', 11),
(201, 'Curarrehue', 11),
(202, 'Freire', 11),
(203, 'Galvarino', 11),
(204, 'Gorbea', 11),
(205, 'Lautaro', 11),
(206, 'Loncoche', 11),
(207, 'Melipeuco', 11),
(208, 'Nueva Imperial', 11),
(209, 'Padre las Casas', 11),
(210, 'Perquenco', 11),
(211, 'Pitrufquén', 11),
(212, 'Pucón', 11),
(213, 'Saavedra', 11),
(214, 'Teodoro Schmidt', 11),
(215, 'Toltén', 11),
(216, 'Vilcún', 11),
(217, 'Villarrica', 11),
(218, 'Cholchol', 11),
(219, 'Angol', 11),
(220, 'Collipulli', 11),
(221, 'Curacautín', 11),
(222, 'Ercilla', 11),
(223, 'Lonquimay', 11),
(224, 'Los Sauces', 11),
(225, 'Lumaco', 11),
(226, 'Purén', 11),
(227, 'Renaico', 11),
(228, 'Traiguén', 11),
(229, 'Victoria', 11),
(230, 'Valdivia', 12),
(231, 'Corral', 12),
(232, 'Lanco', 12),
(233, 'Los Lagos', 12),
(234, 'Máfil', 12),
(235, 'Mariquina', 12),
(236, 'Paillaco', 12),
(237, 'Panguipulli', 12),
(238, 'La Unión', 12),
(239, 'Futrono', 12),
(240, 'Lago Ranco', 12),
(241, 'Río Bueno', 12),
(242, 'Puerto Montt', 13),
(243, 'Calbuco', 13),
(244, 'Cochamó', 13),
(245, 'Fresia', 13),
(246, 'Frutillar', 13),
(247, 'Los Muermos', 13),
(248, 'Llanquihue', 13),
(249, 'Maullín', 13),
(250, 'Puerto Varas', 13),
(251, 'Castro', 13),
(252, 'Ancud', 13),
(253, 'Chonchi', 13),
(254, 'Curaco de Vélez', 13),
(255, 'Dalcahue', 13),
(256, 'Puqueldón', 13),
(257, 'Queilén', 13),
(258, 'Quellón', 13),
(259, 'Quemchi', 13),
(260, 'Quinchao', 13),
(261, 'Osorno', 13),
(262, 'Puerto Octay', 13),
(263, 'Purranque', 13),
(264, 'Puyehue', 13),
(265, 'Río Negro', 13),
(266, 'San Juan de la Costa', 13),
(267, 'San Pablo', 13),
(268, 'Chaitén', 13),
(269, 'Futaleufú', 13),
(270, 'Hualaihué', 13),
(271, 'Palena', 13),
(272, 'Coihaique', 14),
(273, 'Lago Verde', 14),
(274, 'Aisén', 14),
(275, 'Cisnes', 14),
(276, 'Guaitecas', 14),
(277, 'Cochrane', 14),
(278, 'O’Higgins', 14),
(279, 'Tortel', 14),
(280, 'Chile Chico', 14),
(281, 'Río Ibáñez', 14),
(282, 'Punta Arenas', 15),
(283, 'Laguna Blanca', 15),
(284, 'Río Verde', 15),
(285, 'San Gregorio', 15),
(286, 'Cabo de Hornos (Ex Navarino)', 15),
(287, 'Antártica', 15),
(288, 'Porvenir', 15),
(289, 'Primavera', 15),
(290, 'Timaukel', 15),
(291, 'Natales', 15),
(292, 'Torres del Paine', 15),
(293, 'Cerrillos', 16),
(294, 'Cerro Navia', 16),
(295, 'Conchalí', 16),
(296, 'El Bosque', 16),
(297, 'Estación Central', 16),
(298, 'Huechuraba', 16),
(299, 'Independencia', 16),
(300, 'La Cisterna', 16),
(301, 'La Florida', 16),
(302, 'La Granja', 16),
(303, 'La Pintana', 16),
(304, 'La Reina', 16),
(305, 'Las Condes', 16),
(306, 'Lo Barnechea', 16),
(307, 'Lo Espejo', 16),
(308, 'Lo Prado', 16),
(309, 'Macul', 16),
(310, 'Maipú', 16),
(311, 'Ñuñoa', 16),
(312, 'Pedro Aguirre Cerda', 16),
(313, 'Peñalolén', 16),
(314, 'Providencia', 16),
(315, 'Pudahuel', 16),
(316, 'Quilicura', 16),
(317, 'Quinta Normal', 16),
(318, 'Recoleta', 16),
(319, 'Renca', 16),
(320, 'Santiago', 16),
(321, 'San Joaquín', 16),
(322, 'San Miguel', 16),
(323, 'San Ramón', 16),
(324, 'Vitacura', 16),
(325, 'Puente Alto', 16),
(326, 'Pirque', 16),
(327, 'San José de Maipo', 16),
(328, 'Colina', 16),
(329, 'Lampa', 16),
(330, 'Tiltil', 16),
(331, 'San Bernardo', 16),
(332, 'Buin', 16),
(333, 'Calera de Tango', 16),
(334, 'Paine', 16),
(335, 'Melipilla', 16),
(336, 'Alhué', 16),
(337, 'Curacaví', 16),
(338, 'María Pinto', 16),
(339, 'San Pedro', 16),
(340, 'Talagante', 16),
(341, 'El Monte', 16),
(342, 'Isla de Maipo', 16),
(343, 'Padre Hurtado', 16),
(344, 'Peñaflor', 16);

-- --------------------------------------------------------

--
-- Estructura de tabla para la tabla `regiones`
--

DROP TABLE IF EXISTS `regiones`;
CREATE TABLE IF NOT EXISTS `regiones` (
  `id_region` int NOT NULL AUTO_INCREMENT,
  `nombre_region` varchar(50) NOT NULL,
  PRIMARY KEY (`id_region`)
) ENGINE=MyISAM AUTO_INCREMENT=17 DEFAULT CHARSET=utf8mb4 COLLATE=utf8mb4_0900_ai_ci;

--
-- Volcado de datos para la tabla `regiones`
--

INSERT INTO `regiones` (`id_region`, `nombre_region`) VALUES
(1, 'Arica y Parinacota'),
(2, 'Tarapacá'),
(3, 'Antofagasta'),
(4, 'Atacama'),
(5, 'Coquimbo'),
(6, 'Valparaíso'),
(7, 'Región del Libertador Gral. Bernardo O’Higgins'),
(8, 'Región del Maule'),
(9, 'Región de Ñuble'),
(10, 'Región del Biobío'),
(11, 'Araucanía'),
(12, 'Los Ríos'),
(13, 'Los Lagos'),
(14, 'Aysén'),
(15, 'Magallanes y Antártica Chilena'),
(16, 'Metropolitana');

-- --------------------------------------------------------

--
-- Estructura de tabla para la tabla `votacion`
--

DROP TABLE IF EXISTS `votacion`;
CREATE TABLE IF NOT EXISTS `votacion` (
  `id` int NOT NULL AUTO_INCREMENT,
  `nombre` varchar(255) DEFAULT NULL,
  `alias` varchar(255) DEFAULT NULL,
  `rut` varchar(12) DEFAULT NULL,
  `email` varchar(255) DEFAULT NULL,
  `region` varchar(255) DEFAULT NULL,
  `comuna` varchar(255) DEFAULT NULL,
  `candidato` varchar(255) DEFAULT NULL,
  `medios` varchar(255) NOT NULL,
  PRIMARY KEY (`id`)
) ENGINE=MyISAM DEFAULT CHARSET=utf8mb4 COLLATE=utf8mb4_0900_ai_ci;
COMMIT;

/*!40101 SET CHARACTER_SET_CLIENT=@OLD_CHARACTER_SET_CLIENT */;
/*!40101 SET CHARACTER_SET_RESULTS=@OLD_CHARACTER_SET_RESULTS */;
/*!40101 SET COLLATION_CONNECTION=@OLD_COLLATION_CONNECTION */;
